# 前缀,姓,男名,女名
"auto","auto","auto","auto"
"prefix","surname","male_name","female_name"
name_lib_prefix_1,name_lib_surname_1,name_lib_male_name_1,name_lib_female_name_1
name_lib_prefix_2,name_lib_surname_2,name_lib_male_name_2,name_lib_female_name_2
name_lib_prefix_3,name_lib_surname_3,name_lib_male_name_3,name_lib_female_name_3
name_lib_prefix_4,name_lib_surname_4,name_lib_male_name_4,name_lib_female_name_4
name_lib_prefix_5,name_lib_surname_5,name_lib_male_name_5,name_lib_female_name_5
name_lib_prefix_6,name_lib_surname_6,name_lib_male_name_6,name_lib_female_name_6
name_lib_prefix_7,name_lib_surname_7,name_lib_male_name_7,name_lib_female_name_7
name_lib_prefix_8,name_lib_surname_8,name_lib_male_name_8,name_lib_female_name_8
name_lib_prefix_9,name_lib_surname_9,name_lib_male_name_9,name_lib_female_name_9
name_lib_prefix_10,name_lib_surname_10,name_lib_male_name_10,name_lib_female_name_10
name_lib_prefix_11,name_lib_surname_11,name_lib_male_name_11,name_lib_female_name_11
name_lib_prefix_12,name_lib_surname_12,name_lib_male_name_12,name_lib_female_name_12
name_lib_prefix_13,name_lib_surname_13,name_lib_male_name_13,name_lib_female_name_13
name_lib_prefix_14,name_lib_surname_14,name_lib_male_name_14,name_lib_female_name_14
name_lib_prefix_15,name_lib_surname_15,name_lib_male_name_15,name_lib_female_name_15
name_lib_prefix_16,name_lib_surname_16,name_lib_male_name_16,name_lib_female_name_16
name_lib_prefix_17,name_lib_surname_17,name_lib_male_name_17,name_lib_female_name_17
name_lib_prefix_18,name_lib_surname_18,name_lib_male_name_18,name_lib_female_name_18
name_lib_prefix_19,name_lib_surname_19,name_lib_male_name_19,name_lib_female_name_19
name_lib_prefix_20,name_lib_surname_20,name_lib_male_name_20,name_lib_female_name_20
name_lib_prefix_21,name_lib_surname_21,name_lib_male_name_21,name_lib_female_name_21
name_lib_prefix_22,name_lib_surname_22,name_lib_male_name_22,name_lib_female_name_22
name_lib_prefix_23,name_lib_surname_23,name_lib_male_name_23,name_lib_female_name_23
name_lib_prefix_24,name_lib_surname_24,name_lib_male_name_24,name_lib_female_name_24
name_lib_prefix_25,name_lib_surname_25,name_lib_male_name_25,name_lib_female_name_25
name_lib_prefix_26,name_lib_surname_26,name_lib_male_name_26,name_lib_female_name_26
name_lib_prefix_27,name_lib_surname_27,name_lib_male_name_27,name_lib_female_name_27
name_lib_prefix_28,name_lib_surname_28,name_lib_male_name_28,name_lib_female_name_28
name_lib_prefix_29,name_lib_surname_29,name_lib_male_name_29,name_lib_female_name_29
name_lib_prefix_30,name_lib_surname_30,name_lib_male_name_30,name_lib_female_name_30
name_lib_prefix_31,name_lib_surname_31,name_lib_male_name_31,name_lib_female_name_31
name_lib_prefix_32,name_lib_surname_32,name_lib_male_name_32,name_lib_female_name_32
name_lib_prefix_33,name_lib_surname_33,name_lib_male_name_33,name_lib_female_name_33
name_lib_prefix_34,name_lib_surname_34,name_lib_male_name_34,name_lib_female_name_34
name_lib_prefix_35,name_lib_surname_35,name_lib_male_name_35,name_lib_female_name_35
name_lib_prefix_36,name_lib_surname_36,name_lib_male_name_36,name_lib_female_name_36
name_lib_prefix_37,name_lib_surname_37,name_lib_male_name_37,name_lib_female_name_37
name_lib_prefix_38,name_lib_surname_38,name_lib_male_name_38,name_lib_female_name_38
name_lib_prefix_39,name_lib_surname_39,name_lib_male_name_39,name_lib_female_name_39
name_lib_prefix_40,name_lib_surname_40,name_lib_male_name_40,name_lib_female_name_40
name_lib_prefix_41,name_lib_surname_41,name_lib_male_name_41,name_lib_female_name_41
name_lib_prefix_42,name_lib_surname_42,name_lib_male_name_42,name_lib_female_name_42
name_lib_prefix_43,name_lib_surname_43,name_lib_male_name_43,name_lib_female_name_43
name_lib_prefix_44,name_lib_surname_44,name_lib_male_name_44,name_lib_female_name_44
name_lib_prefix_45,name_lib_surname_45,name_lib_male_name_45,name_lib_female_name_45
name_lib_prefix_46,name_lib_surname_46,name_lib_male_name_46,name_lib_female_name_46
name_lib_prefix_47,name_lib_surname_47,name_lib_male_name_47,name_lib_female_name_47
name_lib_prefix_48,name_lib_surname_48,name_lib_male_name_48,name_lib_female_name_48
name_lib_prefix_49,name_lib_surname_49,name_lib_male_name_49,name_lib_female_name_49
name_lib_prefix_50,name_lib_surname_50,name_lib_male_name_50,name_lib_female_name_50
name_lib_prefix_51,name_lib_surname_51,name_lib_male_name_51,name_lib_female_name_51
name_lib_prefix_52,name_lib_surname_52,name_lib_male_name_52,name_lib_female_name_52
name_lib_prefix_53,name_lib_surname_53,name_lib_male_name_53,name_lib_female_name_53
name_lib_prefix_54,name_lib_surname_54,name_lib_male_name_54,name_lib_female_name_54
name_lib_prefix_55,name_lib_surname_55,name_lib_male_name_55,name_lib_female_name_55
name_lib_prefix_56,name_lib_surname_56,name_lib_male_name_56,name_lib_female_name_56
name_lib_prefix_57,name_lib_surname_57,name_lib_male_name_57,name_lib_female_name_57
name_lib_prefix_58,name_lib_surname_58,name_lib_male_name_58,name_lib_female_name_58
name_lib_prefix_59,name_lib_surname_59,name_lib_male_name_59,name_lib_female_name_59
name_lib_prefix_60,name_lib_surname_60,name_lib_male_name_60,name_lib_female_name_60
name_lib_prefix_61,name_lib_surname_61,name_lib_male_name_61,name_lib_female_name_61
name_lib_prefix_62,name_lib_surname_62,name_lib_male_name_62,name_lib_female_name_62
name_lib_prefix_63,name_lib_surname_63,name_lib_male_name_63,name_lib_female_name_63
name_lib_prefix_64,name_lib_surname_64,name_lib_male_name_64,name_lib_female_name_64
name_lib_prefix_65,name_lib_surname_65,name_lib_male_name_65,name_lib_female_name_65
name_lib_prefix_66,name_lib_surname_66,name_lib_male_name_66,name_lib_female_name_66
name_lib_prefix_67,name_lib_surname_67,name_lib_male_name_67,name_lib_female_name_67
name_lib_prefix_68,name_lib_surname_68,name_lib_male_name_68,name_lib_female_name_68
name_lib_prefix_69,name_lib_surname_69,name_lib_male_name_69,name_lib_female_name_69
name_lib_prefix_70,name_lib_surname_70,name_lib_male_name_70,name_lib_female_name_70
name_lib_prefix_71,name_lib_surname_71,name_lib_male_name_71,name_lib_female_name_71
name_lib_prefix_72,name_lib_surname_72,name_lib_male_name_72,name_lib_female_name_72
name_lib_prefix_73,name_lib_surname_73,name_lib_male_name_73,name_lib_female_name_73
name_lib_prefix_74,name_lib_surname_74,name_lib_male_name_74,name_lib_female_name_74
name_lib_prefix_75,name_lib_surname_75,name_lib_male_name_75,name_lib_female_name_75
name_lib_prefix_76,name_lib_surname_76,name_lib_male_name_76,name_lib_female_name_76
name_lib_prefix_77,name_lib_surname_77,name_lib_male_name_77,name_lib_female_name_77
name_lib_prefix_78,name_lib_surname_78,name_lib_male_name_78,name_lib_female_name_78
name_lib_prefix_79,name_lib_surname_79,name_lib_male_name_79,name_lib_female_name_79
name_lib_prefix_80,name_lib_surname_80,name_lib_male_name_80,name_lib_female_name_80
name_lib_prefix_81,name_lib_surname_81,name_lib_male_name_81,name_lib_female_name_81
name_lib_prefix_82,name_lib_surname_82,name_lib_male_name_82,name_lib_female_name_82
name_lib_prefix_83,name_lib_surname_83,name_lib_male_name_83,name_lib_female_name_83
name_lib_prefix_84,name_lib_surname_84,name_lib_male_name_84,name_lib_female_name_84
name_lib_prefix_85,name_lib_surname_85,name_lib_male_name_85,name_lib_female_name_85
name_lib_prefix_86,name_lib_surname_86,name_lib_male_name_86,name_lib_female_name_86
name_lib_prefix_87,name_lib_surname_87,name_lib_male_name_87,name_lib_female_name_87
name_lib_prefix_88,name_lib_surname_88,name_lib_male_name_88,name_lib_female_name_88
name_lib_prefix_89,name_lib_surname_89,name_lib_male_name_89,name_lib_female_name_89
name_lib_prefix_90,name_lib_surname_90,name_lib_male_name_90,name_lib_female_name_90
name_lib_prefix_91,name_lib_surname_91,name_lib_male_name_91,name_lib_female_name_91
name_lib_prefix_92,name_lib_surname_92,name_lib_male_name_92,name_lib_female_name_92
name_lib_prefix_93,name_lib_surname_93,name_lib_male_name_93,name_lib_female_name_93
name_lib_prefix_94,name_lib_surname_94,name_lib_male_name_94,name_lib_female_name_94
name_lib_prefix_95,name_lib_surname_95,name_lib_male_name_95,name_lib_female_name_95
name_lib_prefix_96,name_lib_surname_96,name_lib_male_name_96,name_lib_female_name_96
name_lib_prefix_97,name_lib_surname_97,name_lib_male_name_97,name_lib_female_name_97
name_lib_prefix_98,name_lib_surname_98,name_lib_male_name_98,name_lib_female_name_98
name_lib_prefix_99,name_lib_surname_99,name_lib_male_name_99,name_lib_female_name_99
name_lib_prefix_100,name_lib_surname_100,name_lib_male_name_100,name_lib_female_name_100
name_lib_prefix_101,name_lib_surname_101,name_lib_male_name_101,name_lib_female_name_101
name_lib_prefix_102,name_lib_surname_102,name_lib_male_name_102,name_lib_female_name_102
name_lib_prefix_103,name_lib_surname_103,name_lib_male_name_103,name_lib_female_name_103
name_lib_prefix_104,name_lib_surname_104,name_lib_male_name_104,name_lib_female_name_104
name_lib_prefix_105,name_lib_surname_105,name_lib_male_name_105,name_lib_female_name_105
name_lib_prefix_106,name_lib_surname_106,name_lib_male_name_106,name_lib_female_name_106
name_lib_prefix_107,name_lib_surname_107,name_lib_male_name_107,name_lib_female_name_107
name_lib_prefix_108,name_lib_surname_108,name_lib_male_name_108,name_lib_female_name_108
name_lib_prefix_109,name_lib_surname_109,name_lib_male_name_109,name_lib_female_name_109
name_lib_prefix_110,name_lib_surname_110,name_lib_male_name_110,name_lib_female_name_110
name_lib_prefix_111,name_lib_surname_111,name_lib_male_name_111,name_lib_female_name_111
name_lib_prefix_112,name_lib_surname_112,name_lib_male_name_112,name_lib_female_name_112
name_lib_prefix_113,name_lib_surname_113,name_lib_male_name_113,name_lib_female_name_113
name_lib_prefix_114,name_lib_surname_114,name_lib_male_name_114,name_lib_female_name_114
name_lib_prefix_115,name_lib_surname_115,name_lib_male_name_115,name_lib_female_name_115
name_lib_prefix_116,name_lib_surname_116,name_lib_male_name_116,name_lib_female_name_116
name_lib_prefix_117,name_lib_surname_117,name_lib_male_name_117,name_lib_female_name_117
name_lib_prefix_118,name_lib_surname_118,name_lib_male_name_118,name_lib_female_name_118
name_lib_prefix_119,name_lib_surname_119,name_lib_male_name_119,name_lib_female_name_119
name_lib_prefix_120,name_lib_surname_120,name_lib_male_name_120,name_lib_female_name_120
name_lib_prefix_121,name_lib_surname_121,name_lib_male_name_121,name_lib_female_name_121
name_lib_prefix_122,name_lib_surname_122,name_lib_male_name_122,name_lib_female_name_122
name_lib_prefix_123,name_lib_surname_123,name_lib_male_name_123,name_lib_female_name_123
name_lib_prefix_124,name_lib_surname_124,name_lib_male_name_124,name_lib_female_name_124
name_lib_prefix_125,name_lib_surname_125,name_lib_male_name_125,name_lib_female_name_125
name_lib_prefix_126,name_lib_surname_126,name_lib_male_name_126,name_lib_female_name_126
name_lib_prefix_127,name_lib_surname_127,name_lib_male_name_127,name_lib_female_name_127
name_lib_prefix_128,name_lib_surname_128,name_lib_male_name_128,name_lib_female_name_128
name_lib_prefix_129,name_lib_surname_129,name_lib_male_name_129,name_lib_female_name_129
name_lib_prefix_130,name_lib_surname_130,name_lib_male_name_130,name_lib_female_name_130
name_lib_prefix_131,name_lib_surname_131,name_lib_male_name_131,name_lib_female_name_131
name_lib_prefix_132,name_lib_surname_132,name_lib_male_name_132,name_lib_female_name_132
name_lib_prefix_133,name_lib_surname_133,name_lib_male_name_133,name_lib_female_name_133
name_lib_prefix_134,name_lib_surname_134,name_lib_male_name_134,name_lib_female_name_134
name_lib_prefix_135,name_lib_surname_135,name_lib_male_name_135,name_lib_female_name_135
name_lib_prefix_136,name_lib_surname_136,name_lib_male_name_136,name_lib_female_name_136
name_lib_prefix_137,name_lib_surname_137,name_lib_male_name_137,name_lib_female_name_137
name_lib_prefix_138,name_lib_surname_138,name_lib_male_name_138,name_lib_female_name_138
name_lib_prefix_139,name_lib_surname_139,name_lib_male_name_139,name_lib_female_name_139
name_lib_prefix_140,name_lib_surname_140,name_lib_male_name_140,name_lib_female_name_140
name_lib_prefix_141,name_lib_surname_141,name_lib_male_name_141,name_lib_female_name_141
name_lib_prefix_142,name_lib_surname_142,name_lib_male_name_142,name_lib_female_name_142
name_lib_prefix_143,name_lib_surname_143,name_lib_male_name_143,name_lib_female_name_143
name_lib_prefix_144,name_lib_surname_144,name_lib_male_name_144,name_lib_female_name_144
name_lib_prefix_145,name_lib_surname_145,name_lib_male_name_145,name_lib_female_name_145
name_lib_prefix_146,name_lib_surname_146,name_lib_male_name_146,name_lib_female_name_146
name_lib_prefix_147,name_lib_surname_147,name_lib_male_name_147,name_lib_female_name_147
name_lib_prefix_148,name_lib_surname_148,name_lib_male_name_148,name_lib_female_name_148
name_lib_prefix_149,name_lib_surname_149,name_lib_male_name_149,name_lib_female_name_149
name_lib_prefix_150,name_lib_surname_150,name_lib_male_name_150,name_lib_female_name_150
name_lib_prefix_151,name_lib_surname_151,name_lib_male_name_151,name_lib_female_name_151
name_lib_prefix_152,name_lib_surname_152,name_lib_male_name_152,name_lib_female_name_152
name_lib_prefix_153,name_lib_surname_153,name_lib_male_name_153,name_lib_female_name_153
name_lib_prefix_154,name_lib_surname_154,name_lib_male_name_154,name_lib_female_name_154
name_lib_prefix_155,name_lib_surname_155,name_lib_male_name_155,name_lib_female_name_155
name_lib_prefix_156,name_lib_surname_156,name_lib_male_name_156,name_lib_female_name_156
name_lib_prefix_157,name_lib_surname_157,name_lib_male_name_157,name_lib_female_name_157
name_lib_prefix_158,name_lib_surname_158,name_lib_male_name_158,name_lib_female_name_158
name_lib_prefix_159,name_lib_surname_159,name_lib_male_name_159,name_lib_female_name_159
name_lib_prefix_160,name_lib_surname_160,name_lib_male_name_160,name_lib_female_name_160
name_lib_prefix_161,name_lib_surname_161,name_lib_male_name_161,name_lib_female_name_161
name_lib_prefix_162,name_lib_surname_162,name_lib_male_name_162,name_lib_female_name_162
name_lib_prefix_163,name_lib_surname_163,name_lib_male_name_163,name_lib_female_name_163
name_lib_prefix_164,name_lib_surname_164,name_lib_male_name_164,name_lib_female_name_164
name_lib_prefix_165,name_lib_surname_165,name_lib_male_name_165,name_lib_female_name_165
name_lib_prefix_166,name_lib_surname_166,name_lib_male_name_166,name_lib_female_name_166
name_lib_prefix_167,name_lib_surname_167,name_lib_male_name_167,name_lib_female_name_167
name_lib_prefix_168,name_lib_surname_168,name_lib_male_name_168,name_lib_female_name_168
name_lib_prefix_169,name_lib_surname_169,name_lib_male_name_169,name_lib_female_name_169
name_lib_prefix_170,name_lib_surname_170,name_lib_male_name_170,name_lib_female_name_170
name_lib_prefix_171,name_lib_surname_171,name_lib_male_name_171,name_lib_female_name_171
name_lib_prefix_172,name_lib_surname_172,name_lib_male_name_172,name_lib_female_name_172
name_lib_prefix_173,name_lib_surname_173,name_lib_male_name_173,name_lib_female_name_173
name_lib_prefix_174,name_lib_surname_174,name_lib_male_name_174,name_lib_female_name_174
name_lib_prefix_175,name_lib_surname_175,name_lib_male_name_175,name_lib_female_name_175
name_lib_prefix_176,name_lib_surname_176,name_lib_male_name_176,name_lib_female_name_176
name_lib_prefix_177,name_lib_surname_177,name_lib_male_name_177,name_lib_female_name_177
name_lib_prefix_178,name_lib_surname_178,name_lib_male_name_178,name_lib_female_name_178
name_lib_prefix_179,name_lib_surname_179,name_lib_male_name_179,name_lib_female_name_179
name_lib_prefix_180,name_lib_surname_180,name_lib_male_name_180,name_lib_female_name_180
name_lib_prefix_181,name_lib_surname_181,name_lib_male_name_181,name_lib_female_name_181
name_lib_prefix_182,name_lib_surname_182,name_lib_male_name_182,name_lib_female_name_182
name_lib_prefix_183,name_lib_surname_183,name_lib_male_name_183,name_lib_female_name_183
name_lib_prefix_184,name_lib_surname_184,name_lib_male_name_184,name_lib_female_name_184
name_lib_prefix_185,name_lib_surname_185,name_lib_male_name_185,name_lib_female_name_185
name_lib_prefix_186,name_lib_surname_186,name_lib_male_name_186,name_lib_female_name_186
name_lib_prefix_187,name_lib_surname_187,name_lib_male_name_187,name_lib_female_name_187
name_lib_prefix_188,name_lib_surname_188,name_lib_male_name_188,name_lib_female_name_188
name_lib_prefix_189,name_lib_surname_189,name_lib_male_name_189,name_lib_female_name_189
name_lib_prefix_190,name_lib_surname_190,name_lib_male_name_190,name_lib_female_name_190
name_lib_prefix_191,name_lib_surname_191,name_lib_male_name_191,name_lib_female_name_191
name_lib_prefix_192,name_lib_surname_192,name_lib_male_name_192,name_lib_female_name_192
name_lib_prefix_193,name_lib_surname_193,name_lib_male_name_193,name_lib_female_name_193
name_lib_prefix_194,name_lib_surname_194,name_lib_male_name_194,name_lib_female_name_194
name_lib_prefix_195,name_lib_surname_195,name_lib_male_name_195,name_lib_female_name_195
name_lib_prefix_196,name_lib_surname_196,name_lib_male_name_196,name_lib_female_name_196
name_lib_prefix_197,name_lib_surname_197,name_lib_male_name_197,name_lib_female_name_197
name_lib_prefix_198,name_lib_surname_198,name_lib_male_name_198,name_lib_female_name_198
name_lib_prefix_199,name_lib_surname_199,name_lib_male_name_199,name_lib_female_name_199
name_lib_prefix_200,name_lib_surname_200,name_lib_male_name_200,name_lib_female_name_200
name_lib_prefix_201,name_lib_surname_201,name_lib_male_name_201,name_lib_female_name_201
name_lib_prefix_202,name_lib_surname_202,name_lib_male_name_202,name_lib_female_name_202
name_lib_prefix_203,name_lib_surname_203,name_lib_male_name_203,name_lib_female_name_203
name_lib_prefix_204,name_lib_surname_204,name_lib_male_name_204,name_lib_female_name_204
name_lib_prefix_205,name_lib_surname_205,name_lib_male_name_205,name_lib_female_name_205
name_lib_prefix_206,name_lib_surname_206,name_lib_male_name_206,name_lib_female_name_206
name_lib_prefix_207,name_lib_surname_207,name_lib_male_name_207,name_lib_female_name_207
name_lib_prefix_208,name_lib_surname_208,name_lib_male_name_208,name_lib_female_name_208
name_lib_prefix_209,name_lib_surname_209,name_lib_male_name_209,name_lib_female_name_209
name_lib_prefix_210,name_lib_surname_210,name_lib_male_name_210,name_lib_female_name_210
name_lib_prefix_211,name_lib_surname_211,name_lib_male_name_211,name_lib_female_name_211
name_lib_prefix_212,name_lib_surname_212,name_lib_male_name_212,name_lib_female_name_212
name_lib_prefix_213,name_lib_surname_213,name_lib_male_name_213,name_lib_female_name_213
name_lib_prefix_214,name_lib_surname_214,name_lib_male_name_214,name_lib_female_name_214
name_lib_prefix_215,name_lib_surname_215,name_lib_male_name_215,name_lib_female_name_215
name_lib_prefix_216,name_lib_surname_216,name_lib_male_name_216,name_lib_female_name_216
name_lib_prefix_217,name_lib_surname_217,name_lib_male_name_217,name_lib_female_name_217
name_lib_prefix_218,name_lib_surname_218,name_lib_male_name_218,name_lib_female_name_218
name_lib_prefix_219,name_lib_surname_219,name_lib_male_name_219,name_lib_female_name_219
name_lib_prefix_220,name_lib_surname_220,name_lib_male_name_220,name_lib_female_name_220
name_lib_prefix_221,name_lib_surname_221,name_lib_male_name_221,name_lib_female_name_221
name_lib_prefix_222,name_lib_surname_222,name_lib_male_name_222,name_lib_female_name_222
name_lib_prefix_223,name_lib_surname_223,name_lib_male_name_223,name_lib_female_name_223
name_lib_prefix_224,name_lib_surname_224,name_lib_male_name_224,name_lib_female_name_224
name_lib_prefix_225,name_lib_surname_225,name_lib_male_name_225,name_lib_female_name_225
name_lib_prefix_226,name_lib_surname_226,name_lib_male_name_226,name_lib_female_name_226
name_lib_prefix_227,name_lib_surname_227,name_lib_male_name_227,name_lib_female_name_227
name_lib_prefix_228,name_lib_surname_228,name_lib_male_name_228,name_lib_female_name_228
name_lib_prefix_229,name_lib_surname_229,name_lib_male_name_229,name_lib_female_name_229
name_lib_prefix_230,name_lib_surname_230,name_lib_male_name_230,name_lib_female_name_230
name_lib_prefix_231,name_lib_surname_231,name_lib_male_name_231,name_lib_female_name_231
name_lib_prefix_232,name_lib_surname_232,name_lib_male_name_232,name_lib_female_name_232
name_lib_prefix_233,name_lib_surname_233,name_lib_male_name_233,name_lib_female_name_233
name_lib_prefix_234,name_lib_surname_234,name_lib_male_name_234,name_lib_female_name_234
name_lib_prefix_235,name_lib_surname_235,name_lib_male_name_235,name_lib_female_name_235
name_lib_prefix_236,name_lib_surname_236,name_lib_male_name_236,name_lib_female_name_236
name_lib_prefix_237,name_lib_surname_237,name_lib_male_name_237,name_lib_female_name_237
name_lib_prefix_238,name_lib_surname_238,name_lib_male_name_238,name_lib_female_name_238
name_lib_prefix_239,name_lib_surname_239,name_lib_male_name_239,name_lib_female_name_239
name_lib_prefix_240,name_lib_surname_240,name_lib_male_name_240,name_lib_female_name_240
name_lib_prefix_241,name_lib_surname_241,name_lib_male_name_241,name_lib_female_name_241
name_lib_prefix_242,name_lib_surname_242,name_lib_male_name_242,name_lib_female_name_242
name_lib_prefix_243,name_lib_surname_243,name_lib_male_name_243,name_lib_female_name_243
name_lib_prefix_244,name_lib_surname_244,name_lib_male_name_244,name_lib_female_name_244
name_lib_prefix_245,name_lib_surname_245,name_lib_male_name_245,name_lib_female_name_245
name_lib_prefix_246,name_lib_surname_246,name_lib_male_name_246,name_lib_female_name_246
name_lib_prefix_247,name_lib_surname_247,name_lib_male_name_247,name_lib_female_name_247
name_lib_prefix_248,name_lib_surname_248,name_lib_male_name_248,name_lib_female_name_248
name_lib_prefix_249,name_lib_surname_249,name_lib_male_name_249,name_lib_female_name_249
name_lib_prefix_250,name_lib_surname_250,name_lib_male_name_250,name_lib_female_name_250
name_lib_prefix_251,name_lib_surname_251,name_lib_male_name_251,name_lib_female_name_251
name_lib_prefix_252,name_lib_surname_252,name_lib_male_name_252,name_lib_female_name_252
name_lib_prefix_253,name_lib_surname_253,name_lib_male_name_253,name_lib_female_name_253
name_lib_prefix_254,name_lib_surname_254,name_lib_male_name_254,name_lib_female_name_254
name_lib_prefix_255,name_lib_surname_255,name_lib_male_name_255,name_lib_female_name_255
name_lib_prefix_256,name_lib_surname_256,name_lib_male_name_256,name_lib_female_name_256
name_lib_prefix_257,name_lib_surname_257,name_lib_male_name_257,name_lib_female_name_257
name_lib_prefix_258,name_lib_surname_258,name_lib_male_name_258,name_lib_female_name_258
name_lib_prefix_259,name_lib_surname_259,name_lib_male_name_259,name_lib_female_name_259
name_lib_prefix_260,name_lib_surname_260,name_lib_male_name_260,name_lib_female_name_260
name_lib_prefix_261,name_lib_surname_261,name_lib_male_name_261,name_lib_female_name_261
name_lib_prefix_262,name_lib_surname_262,name_lib_male_name_262,name_lib_female_name_262
name_lib_prefix_263,name_lib_surname_263,name_lib_male_name_263,name_lib_female_name_263
name_lib_prefix_264,name_lib_surname_264,name_lib_male_name_264,name_lib_female_name_264
name_lib_prefix_265,name_lib_surname_265,name_lib_male_name_265,name_lib_female_name_265
name_lib_prefix_266,name_lib_surname_266,name_lib_male_name_266,name_lib_female_name_266
name_lib_prefix_267,name_lib_surname_267,name_lib_male_name_267,name_lib_female_name_267
name_lib_prefix_268,name_lib_surname_268,name_lib_male_name_268,name_lib_female_name_268
name_lib_prefix_269,name_lib_surname_269,name_lib_male_name_269,name_lib_female_name_269
name_lib_prefix_270,name_lib_surname_270,name_lib_male_name_270,name_lib_female_name_270
name_lib_prefix_271,name_lib_surname_271,name_lib_male_name_271,name_lib_female_name_271
name_lib_prefix_272,name_lib_surname_272,name_lib_male_name_272,name_lib_female_name_272
name_lib_prefix_273,name_lib_surname_273,name_lib_male_name_273,name_lib_female_name_273
name_lib_prefix_274,name_lib_surname_274,name_lib_male_name_274,name_lib_female_name_274
